,Name,Body Style,Engine,Drive Type,Transmission,Ext. Color,Int. Color,Mileage (mi),Price ($)
0,2011 Toyota RAV4 4X4 V6,4D Sport Utility,6 Cyl - 3.5 L,4WD,5-Speed Automatic Electronic with Overdrive,Blue,Gray,"90,779","17,988"
1,2016 Toyota Mirai,4D Sedan,,FWD,1-Speed Automatic,Silver,,"48,935","18,988"
2,2017 Toyota Yaris iA,4D Sedan,4 Cyl - 1.5 L,FWD,6-Speed,Blue,,"54,684","19,988"
3,2019 Toyota Mirai,4D Sedan,,FWD,1-Speed Automatic,White,,"60,960","21,988"
4,2019 Toyota Mirai,4D Sedan,,FWD,1-Speed Automatic,Black,,"41,898","22,688"
5,2017 Toyota Corolla SE,4D Sedan,4 Cyl - 1.8 L,FWD,CVT,Red,Black,"64,101","22,988"
6,2019 Toyota Mirai,4D Sedan,,FWD,1-Speed Automatic,Black,,"39,800","22,988"
7,2017 Toyota Mirai,4D Sedan,,FWD,1-Speed Automatic,White,,"46,261","22,988"
8,2017 Toyota Corolla SE,4D Sedan,4 Cyl - 1.8 L,FWD,,Blue,Black,"66,542","22,988"
9,2018 Toyota Corolla LE,4D Sedan,4 Cyl - 1.8 L,FWD,CVT,White,,"64,689","22,988"
10,2017 Toyota Corolla LE,4D Sedan,4 Cyl - 1.8 L,FWD,CVT,Green,Gray,"55,547","22,988"
11,2019 Toyota Mirai,4D Sedan,,FWD,1-Speed Automatic,Silver,,"42,952","22,988"
12,2019 Toyota Yaris LE,4D Sedan,4 Cyl - 1.5 L,FWD,6-Speed,Blue,,"53,120","22,995"
13,2019 Toyota Corolla SE,4D Sedan,4 Cyl - 1.8 L,FWD,CVT,White,,"46,407","23,488"
14,2020 Toyota Corolla LE,4D Sedan,4 Cyl - 1.8 L,FWD,CVT,Black,,"51,320","23,488"
15,2019 Toyota Mirai,4D Sedan,,FWD,1-Speed Automatic,Silver,Deep Blue,"36,223","23,688"
16,2017 Toyota Camry LE,4D Sedan,4 Cyl - 2.5 L,FWD,6-Speed Automatic,Silver,,"27,857","23,888"
17,2020 Toyota Corolla LE,4D Sedan,4 Cyl - 1.8 L,FWD,CVT,White,Black,"43,414","23,988"
18,2019 Toyota Mirai,4D Sedan,,FWD,1-Speed Automatic,Black,Deep Blue,"32,626","23,988"
19,2019 Toyota Mirai,4D Sedan,,FWD,1-Speed Automatic,Red,,"32,385","23,988"
20,2019 Toyota Corolla LE,4D Sedan,4 Cyl - 1.8 L,FWD,CVT,Gray,,"68,579","23,988"
21,2019 Toyota Mirai,4D Sedan,,FWD,1-Speed Automatic,Blue,,"25,607","23,988"
22,2020 Toyota Corolla LE,4D Sedan,4 Cyl - 1.8 L,FWD,CVT,White,,"68,469","23,988"
23,2019 Toyota Mirai,4D Sedan,,FWD,1-Speed Automatic,White,,"28,721","23,988"
24,2019 Toyota Mirai,4D Sedan,,FWD,1-Speed Automatic,Silver,Blue,"29,995","24,388"
25,2021 Toyota Corolla LE,4D Sedan,4 Cyl - 1.8 L,FWD,CVT,Gray,,"27,209","24,488"
26,2019 Toyota Mirai,4D Sedan,,FWD,1-Speed Automatic,White,White,"41,493","24,488"
27,2020 Toyota Corolla LE,4D Sedan,4 Cyl - 1.8 L,FWD,CVT,Silver,Black,"35,983","24,488"
28,2021 Toyota Corolla LE,4D Sedan,4 Cyl - 1.8 L,FWD,CVT,Silver,Gray,"27,196","24,588"
29,2019 Toyota Mirai,4D Sedan,,FWD,1-Speed Automatic,Red,Black,"23,001","24,588"
30,2019 Toyota Mirai,4D Sedan,,FWD,1-Speed Automatic,Black,Black,"26,017","24,688"
31,2019 Toyota Mirai,4D Sedan,,FWD,1-Speed Automatic,Blue,White,"29,151","24,988"
32,2019 Toyota Mirai,4D Sedan,,FWD,1-Speed Automatic,Red,,"24,379","24,988"
33,2019 Toyota Mirai,4D Sedan,,FWD,1-Speed Automatic,Silver,,"28,070","24,988"
34,2021 Toyota Corolla LE,4D Sedan,4 Cyl - 1.8 L,FWD,CVT,Silver,,"31,799","24,988"
35,2020 Toyota Corolla LE,4D Sedan,4 Cyl - 1.8 L,FWD,CVT,White,,"23,955","24,988"
36,2019 Toyota Mirai,4D Sedan,,FWD,1-Speed Automatic,Silver,,"39,643","24,988"
37,2019 Toyota Mirai,4D Sedan,,FWD,1-Speed Automatic,White,,"21,273","24,988"
38,2017 Toyota Camry SE,4D Sedan,4 Cyl - 2.5 L,FWD,6-Speed Automatic,White,Black,"60,552","24,995"
39,2021 Toyota Corolla LE,4D Sedan,4 Cyl - 1.8 L,FWD,CVT,White,Black,"23,672","25,088"
40,2021 Toyota Corolla LE,4D Sedan,4 Cyl - 1.8 L,FWD,CVT,Silver,Gray,"21,192","25,188"
41,2021 Toyota Corolla LE,4D Sedan,4 Cyl - 1.8 L,FWD,CVT,White,Black,"20,505","25,288"
42,2021 Toyota Corolla LE,4D Sedan,4 Cyl - 1.8 L,FWD,CVT,White,,"21,310","25,388"
43,2021 Toyota Corolla LE,4D Sedan,4 Cyl - 1.8 L,FWD,CVT,Silver,,"12,758","25,488"
44,2020 Toyota Corolla LE,4D Sedan,4 Cyl - 1.8 L,FWD,CVT,Gray,Gray,"34,439","25,988"
45,2019 Toyota Corolla SE,4D Sedan,4 Cyl - 1.8 L,FWD,CVT,Gray,,"45,412","25,988"
46,2018 Toyota Camry SE,4D Sedan,4 Cyl - 2.5 L,FWD,8-Speed Automatic,Red,Black,"79,717","25,988"
47,2018 Toyota Corolla iM,5D Hatchback,4 Cyl - 1.8 L,FWD,,White,,"41,850","25,988"
48,2019 Toyota Mirai,4D Sedan,,FWD,1-Speed Automatic,Silver,,"19,539","25,988"
49,2019 Toyota Mirai,4D Sedan,,FWD,1-Speed Automatic,White,,"36,903","25,988"
50,2020 Toyota Corolla SE,4D Sedan,4 Cyl - 2 L,FWD,CVT,Red,Black,"27,063","26,188"
51,2020 Toyota Corolla SE,4D Sedan,4 Cyl - 2 L,FWD,CVT,Silver,Black,"25,286","26,288"
52,2021 Toyota Corolla LE,4D Sedan,4 Cyl - 1.8 L,FWD,CVT,White,,"19,557","26,888"
53,2021 Toyota Corolla LE,4D Sedan,4 Cyl - 1.8 L,FWD,CVT,White,,"24,564","26,888"
54,2020 Toyota Corolla SE,4D Sedan,4 Cyl - 2 L,FWD,CVT,Black,Black,"64,807","26,988"
55,2020 Toyota Corolla LE,4D Sedan,4 Cyl - 1.8 L,FWD,CVT,White,Black,"47,647","26,988"
56,2018 Toyota C-HR XLE,4D Sport Utility,4 Cyl - 2 L,FWD,CVT,White,Black,"52,875","26,988"
57,2021 Toyota Corolla SE,4D Sedan,4 Cyl - 2 L,FWD,CVT,Blue,Black,"33,583","26,988"
58,2019 Toyota Corolla SE,4D Sedan,4 Cyl - 1.8 L,FWD,CVT,Black,,"35,618","26,988"
59,2017 Toyota Camry LE,4D Sedan,4 Cyl - 2.5 L,FWD,6-Speed Automatic,Tan,Tan,"15,078","26,988"
60,2021 Toyota Corolla LE,4D Sedan,4 Cyl - 1.8 L,FWD,CVT,Silver,Black,"20,008","26,988"
61,2021 Toyota Corolla LE,4D Sedan,4 Cyl - 1.8 L,FWD,CVT,Gray,,"33,366","26,988"
62,2020 Toyota Corolla LE,4D Sedan,4 Cyl - 1.8 L,FWD,CVT,Silver,Black,"29,784","26,988"
63,2019 Toyota Mirai,4D Sedan,,FWD,1-Speed Automatic,Blue,,"17,872","26,988"
64,2020 Toyota Corolla SE,4D Sedan,4 Cyl - 2 L,FWD,CVT,White,Black,"55,829","26,988"
65,2019 Toyota Mirai,4D Sedan,,FWD,1-Speed Automatic,Silver,,"22,885","26,988"
66,2021 Toyota Corolla LE,4D Sedan,4 Cyl - 1.8 L,FWD,CVT,Silver,,"33,901","26,988"
67,2018 Toyota RAV4 LE,4D Sport Utility,4 Cyl - 2.5 L,FWD,6-Speed Automatic,Green,,"61,062","26,995"
68,2016 Toyota RAV4 XLE AWD,4D Sport Utility,4 Cyl - 2.5 L,AWD,6-Speed Automatic,Silver,,"60,947","26,995"
69,2020 Toyota Corolla LE,4D Sedan,4 Cyl - 1.8 L,FWD,CVT,Red,,"27,440","26,995"
70,2021 Toyota Corolla LE,4D Sedan,4 Cyl - 1.8 L,FWD,CVT,Silver,,"24,415","27,988"
71,2020 Toyota Corolla LE,4D Sedan,4 Cyl - 1.8 L,FWD,CVT,Silver,,"29,288","27,988"
72,2020 Toyota Corolla Hatchback XSE,5D Hatchback,4 Cyl - 2 L,FWD,CVT,White,,"45,969","27,988"
73,2021 Toyota Corolla LE,4D Sedan,4 Cyl - 1.8 L,FWD,CVT,Silver,,"32,611","27,995"
74,2021 Toyota Corolla LE,4D Sedan,4 Cyl - 1.8 L,FWD,CVT,Gray,,"32,733","27,995"
75,2016 Toyota RAV4 SE,4D Sport Utility,4 Cyl - 2.5 L,FWD,6-Speed Automatic,Red,Black,"63,212","28,688"
76,2017 Toyota RAV4 XLE,4D Sport Utility,4 Cyl - 2.5 L,FWD,6-Speed Automatic,Red,Black,"55,147","28,688"
77,2020 Toyota C-HR LE,4D Sport Utility,4 Cyl - 2 L,FWD,CVT,Red,,"31,105","28,888"
78,2019 Toyota Camry SE,4D Sedan,4 Cyl - 2.5 L,FWD,8-Speed Automatic,White,,"29,497","28,988"
79,2021 Toyota Corolla LE,4D Sedan,4 Cyl - 1.8 L,FWD,CVT,Gray,,"20,992","28,988"
80,2017 Toyota 86,2D Coupe,4 Cyl - 2 L,RWD,6-Speed Automatic,Blue,Black,"43,626","28,988"
81,2020 Toyota Corolla SE,4D Sedan,4 Cyl - 2 L,FWD,CVT,Silver,,"36,061","28,988"
82,2021 Toyota Corolla LE,4D Sedan,4 Cyl - 1.8 L,FWD,CVT,Silver,,"45,189","28,995"
83,2017 Toyota Prius Two Eco,5D Hatchback,4 Cyl - 1.8 L,FWD,CVT,Silver,,"61,920","28,995"
84,2018 Toyota Camry SE,4D Sedan,4 Cyl - 2.5 L,FWD,8-Speed Automatic,Red,,"53,041","28,995"
85,2018 Toyota RAV4 XLE,4D Sport Utility,4 Cyl - 2.5 L,FWD,6-Speed Automatic,Black,Gray,"13,825","29,888"
86,2021 Toyota Camry SE,4D Sedan,4 Cyl - 2.5 L,FWD,8-Speed Automatic,Gray,Black,"49,782","29,888"
87,2019 Toyota C-HR Limited,4D Sport Utility,4 Cyl - 2 L,FWD,CVT,Silver,Black,"39,334","29,988"
88,2018 Toyota Tacoma SR RWD,4D Access Cab,4 Cyl - 2.7 L,RWD,6-Speed Automatic,White,,"47,501","29,988"
89,2021 Toyota Corolla LE,4D Sedan,4 Cyl - 1.8 L,FWD,CVT,White,Black,"1,655","29,988"
90,2018 Toyota RAV4 XLE,4D Sport Utility,4 Cyl - 2.5 L,FWD,6-Speed Automatic,White,Black,"38,772","29,988"
91,2021 Toyota Corolla LE,4D Sedan,4 Cyl - 1.8 L,FWD,CVT,Silver,Black,"11,481","29,995"
92,2021 Toyota Corolla LE,4D Sedan,4 Cyl - 1.8 L,FWD,CVT,Silver,,"22,025","29,995"
93,2021 Toyota Corolla LE,4D Sedan,4 Cyl - 1.8 L,FWD,CVT,Silver,Black,"19,871","29,995"
94,2021 Toyota Corolla LE,4D Sedan,4 Cyl - 1.8 L,FWD,CVT,White,,"19,966","29,995"
95,2019 Toyota C-HR LE,4D Sport Utility,4 Cyl - 2 L,FWD,CVT,Silver,,"25,919","29,995"
96,2019 Toyota C-HR LE,4D Sport Utility,4 Cyl - 2 L,FWD,CVT,Silver,,"42,144","29,995"
97,2019 Toyota C-HR LE,4D Sport Utility,4 Cyl - 2 L,FWD,CVT,Gray,Black,"22,219","29,995"
98,2012 Toyota Tacoma PreRunner RWD,4D Access Cab,6 Cyl - 4 L,RWD,5-Speed Automatic with Overdrive,Silver,,"21,875","29,995"
99,2019 Toyota Camry SE,4D Sedan,4 Cyl - 2.5 L,FWD,8-Speed Automatic,Silver,Black,"8,461","30,488"
100,2021 Toyota C-HR LE,4D Sport Utility,4 Cyl - 2 L,FWD,CVT,White,,"16,640","30,888"
101,2020 Toyota Corolla SE,4D Sedan,4 Cyl - 2 L,FWD,CVT,Red,,"31,214","30,988"
102,2020 Toyota Corolla SE,4D Sedan,4 Cyl - 2 L,FWD,CVT,Blue,,"16,754","30,988"
103,2020 Toyota Camry SE,4D Sedan,4 Cyl - 2.5 L,FWD,8-Speed Automatic,White,,"49,443","30,995"
104,2018 Toyota RAV4 XLE,4D Sport Utility,4 Cyl - 2.5 L,FWD,6-Speed Automatic,Gray,Black,"45,477","31,588"
105,2020 Toyota Camry LE,4D Sedan,4 Cyl - 2.5 L,FWD,8-Speed Automatic,Silver,Black,"21,369","31,788"
106,2021 Toyota C-HR LE,4D Sport Utility,4 Cyl - 2 L,FWD,CVT,Bronze,,"7,784","31,888"
107,2020 Toyota Camry SE,4D Sedan,4 Cyl - 2.5 L,FWD,8-Speed Automatic,White,Black,"22,838","31,988"
108,2018 Toyota Sienna L 7 Passenger,4D Passenger Van,6 Cyl - 3.5 L,FWD,8-Speed Automatic,Silver,Gray,"37,812","31,988"
109,2020 Toyota Corolla SE,4D Sedan,4 Cyl - 2 L,FWD,CVT,White,,"18,822","31,988"
110,2019 Toyota Camry SE,4D Sedan,4 Cyl - 2.5 L,FWD,8-Speed Automatic,Gray,,"18,961","31,988"
111,2020 Toyota Corolla SE,4D Sedan,4 Cyl - 2 L,FWD,CVT,White,Black,"8,737","31,988"
112,2019 Toyota Camry SE,4D Sedan,4 Cyl - 2.5 L,FWD,8-Speed Automatic,Gray,Black,"35,318","31,988"
113,2017 Toyota Prius Three Touring,5D Hatchback,4 Cyl - 1.8 L,FWD,CVT,Blue,Black,"47,399","31,988"
114,2019 Toyota Camry SE,4D Sedan,4 Cyl - 2.5 L,FWD,8-Speed Automatic,Black,,"25,892","31,988"
115,2021 Toyota C-HR LE,4D Sport Utility,4 Cyl - 2 L,FWD,CVT,White,,"6,354","31,988"
116,2017 Toyota Sienna LE 8 Passenger,4D Passenger Van,6 Cyl - 3.5 L,FWD,8-Speed Automatic,Gray,,"62,371","31,995"
117,2021 Toyota Corolla SE,4D Sedan,4 Cyl - 2 L,FWD,CVT,Black,,"23,551","31,996"
118,2018 Toyota Camry SE,4D Sedan,4 Cyl - 2.5 L,FWD,8-Speed Automatic,Silver,Black,"7,264","32,488"
119,2021 Toyota Camry SE,4D Sedan,4 Cyl - 2.5 L,FWD,8-Speed Automatic,Silver,,"12,663","32,888"
120,2021 Toyota Camry SE,4D Sedan,4 Cyl - 2.5 L,FWD,8-Speed Automatic,Gray,,"5,103","32,888"
121,2018 Toyota RAV4 SE,4D Sport Utility,4 Cyl - 2.5 L,FWD,6-Speed Automatic,Gray,Black,"43,204","32,988"
122,2018 Toyota Camry SE,4D Sedan,4 Cyl - 2.5 L,FWD,8-Speed Automatic,White,Black,"24,877","32,995"
123,2020 Toyota Corolla Hybrid LE,4D Sedan,4 Cyl - 1.8 L,FWD,CVT,Silver,Black,"36,185","32,995"
124,2015 Toyota Sienna LE,4D Passenger Van,6 Cyl - 3.5 L,FWD,6-Speed Automatic Electronic with Overdrive,White,Tan,"11,443","32,995"
125,2019 Toyota Camry SE,4D Sedan,4 Cyl - 2.5 L,FWD,8-Speed Automatic,White,Black,"20,413","32,995"
126,2021 Toyota Camry Hybrid LE,4D Sedan,4 Cyl - 2.5 L,FWD,eCVT,Blue,,"46,981","32,995"
127,2021 Toyota RAV4 LE,4D Sport Utility,4 Cyl - 2.5 L,FWD,8-Speed Automatic,Black,,"17,885","33,488"
128,2021 Toyota RAV4 LE,4D Sport Utility,4 Cyl - 2.5 L,FWD,8-Speed Automatic,White,Black,"16,222","33,688"
129,2021 Toyota RAV4 LE,4D Sport Utility,4 Cyl - 2.5 L,FWD,8-Speed Automatic,Black,Black,"16,046","33,788"
130,2021 Toyota RAV4 LE,4D Sport Utility,4 Cyl - 2.5 L,FWD,8-Speed Automatic,Gray,Black,"12,794","33,788"
131,2021 Toyota RAV4 LE,4D Sport Utility,4 Cyl - 2.5 L,FWD,8-Speed Automatic,Black,Black,"15,555","33,888"
132,2021 Toyota Camry SE,4D Sedan,4 Cyl - 2.5 L,FWD,8-Speed Automatic,Silver,,"18,412","33,988"
133,2020 Toyota Tacoma SR RWD,4D Access Cab,4 Cyl - 2.7 L,RWD,6-Speed Automatic,White,,"16,445","33,988"
134,2019 Toyota RAV4 LE,4D Sport Utility,4 Cyl - 2.5 L,FWD,8-Speed Automatic,Black,,"38,017","33,988"
135,2021 Toyota Camry SE,4D Sedan,4 Cyl - 2.5 L,FWD,8-Speed Automatic,Silver,,"31,422","33,995"
136,2019 Toyota Camry SE,4D Sedan,4 Cyl - 2.5 L,FWD,8-Speed Automatic,Gray,Black,"13,049","33,995"
137,2018 Toyota Avalon XLE,4D Sedan,6 Cyl - 3.5 L,FWD,6-Speed Automatic ECT-i,Gray,Black,"45,597","33,995"
138,2020 Toyota Camry SE,4D Sedan,4 Cyl - 2.5 L,FWD,8-Speed Automatic,Black,,"23,604","33,995"
139,2019 Toyota Camry SE,4D Sedan,4 Cyl - 2.5 L,FWD,8-Speed Automatic,White,Black,"19,177","33,995"
140,2019 Toyota Camry SE,4D Sedan,4 Cyl - 2.5 L,FWD,8-Speed Automatic,White,Black,"1,259","34,988"
141,2019 Toyota Prius LE,5D Hatchback,4 Cyl - 1.8 L,FWD,CVT,Blizzard Pearl,Black,"23,552","34,988"
142,2021 Toyota Tacoma SR RWD,4D Access Cab,4 Cyl - 2.7 L,RWD,6-Speed Automatic,Silver,,"7,423","34,988"
143,2017 Toyota Prius Prime Premium,5D Hatchback,4 Cyl - 1.8 L,FWD,CVT,Titanium,,"20,782","34,988"
144,2019 Toyota RAV4 XLE,4D Sport Utility,4 Cyl - 2.5 L,FWD,8-Speed Automatic,Red,,"26,908","34,988"
145,2019 Toyota RAV4 LE,4D Sport Utility,4 Cyl - 2.5 L,FWD,8-Speed Automatic,Silver,,"21,169","34,995"
146,2021 Toyota Camry SE Nightshade,4D Sedan,4 Cyl - 2.5 L,FWD,8-Speed Automatic,White,,"30,390","35,888"
147,2022 Toyota Camry SE,4D Sedan,4 Cyl - 2.5 L,FWD,8-Speed Automatic,White,,"15,388","35,888"
148,2020 Toyota Camry XSE,4D Sedan,4 Cyl - 2.5 L,FWD,8-Speed Automatic,Silver,,"30,887","35,888"
149,2021 Toyota Camry SE,4D Sedan,4 Cyl - 2.5 L,FWD,8-Speed Automatic,Blue,,"14,639","35,988"
150,2019 Toyota RAV4 XLE,4D Sport Utility,4 Cyl - 2.5 L,FWD,8-Speed Automatic,Lunar Rock,Black,"29,880","35,995"
151,2019 Toyota Prius LE,5D Hatchback,4 Cyl - 1.8 L,FWD,CVT,Black,,"45,840","35,995"
152,2019 Toyota Highlander XLE,4D Sport Utility,6 Cyl - 3.5 L,FWD,8-Speed Automatic Electronic with ECT-i,Silver,,"34,875","36,288"
153,2019 Toyota Highlander XLE,4D Sport Utility,6 Cyl - 3.5 L,FWD,8-Speed Automatic Electronic with ECT-i,Blue,,"25,423","36,888"
154,2021 Toyota RAV4 XLE,4D Sport Utility,4 Cyl - 2.5 L,AWD,8-Speed Automatic,Lunar,Black,"37,589","36,995"
155,2019 Toyota Camry SE Nightshade,4D Sedan,4 Cyl - 2.5 L,FWD,8-Speed Automatic,Black,Black,"34,727","36,996"
156,2019 Toyota Tacoma TRD Off-Road 2WD Double Cab RWD,4D Double Cab,6 Cyl - 3.5 L,RWD,6-Speed Automatic,White,Gray,"41,260","37,388"
157,2021 Toyota RAV4 LE AWD,4D Sport Utility,4 Cyl - 2.5 L,AWD,8-Speed Automatic,Silver,Black,"12,175","37,988"
158,2019 Toyota Highlander XLE,4D Sport Utility,6 Cyl - 3.5 L,FWD,8-Speed Automatic Electronic with ECT-i,Silver,Black,"50,546","37,988"
159,2021 Toyota Camry XSE,4D Sedan,4 Cyl - 2.5 L,FWD,8-Speed Automatic,Silver,,"25,090","37,988"
160,2019 Toyota RAV4 XLE,4D Sport Utility,4 Cyl - 2.5 L,FWD,8-Speed Automatic,Blue Flame,Black,"9,633","37,995"
161,2019 Toyota Sienna LE 8 Passenger,4D Passenger Van,6 Cyl - 3.5 L,FWD,8-Speed Automatic,White,,"20,543","38,688"
162,2021 Toyota RAV4 XLE Premium,4D Sport Utility,4 Cyl - 2.5 L,FWD,8-Speed Automatic,Ruby Flare Pearl,Black,"22,236","38,688"
163,2019 Toyota Highlander SE,4D Sport Utility,6 Cyl - 3.5 L,FWD,8-Speed Automatic Electronic with ECT-i,Red,Black,"35,844","38,988"
164,2019 Toyota Avalon Hybrid XLE,4D Sedan,4 Cyl - 2.5 L,FWD,CVT,Black,,"45,848","38,995"
165,2021 Toyota RAV4 XLE,4D Sport Utility,4 Cyl - 2.5 L,AWD,8-Speed Automatic,Lunar,Black,"35,789","38,995"
166,2019 Toyota Camry Hybrid SE,4D Sedan,4 Cyl - 2.5 L,FWD,eCVT,White,Black,"24,226","38,995"
167,2022 Toyota Camry SE,4D Sedan,4 Cyl - 2.5 L,FWD,8-Speed Automatic,White,,"13,539","39,388"
168,2019 Toyota Sienna L 7 Passenger,4D Passenger Van,6 Cyl - 3.5 L,FWD,8-Speed Automatic,White,,"7,306","39,888"
169,2019 Toyota Tacoma TRD Sport 2WD RWD,4D Double Cab,6 Cyl - 3.5 L,RWD,6-Speed Automatic,White,Gray,"25,737","39,888"
170,2020 Toyota RAV4 XLE Premium,4D Sport Utility,4 Cyl - 2.5 L,FWD,8-Speed Automatic,Gray,,"29,444","39,988"
171,2021 Toyota Avalon XLE,4D Sedan,6 Cyl - 3.5 L,FWD,8-Speed Automatic,Red,Black,"34,042","39,995"
172,2022 Toyota Corolla Cross XLE,4D Sport Utility,4 Cyl - 2 L,AWD,CVT,White,,"1,692","39,995"
173,2019 Toyota Highlander XLE,4D Sport Utility,6 Cyl - 3.5 L,FWD,8-Speed Automatic Electronic with ECT-i,Silver,,"41,140","39,995"
174,2021 Toyota Camry Hybrid SE,4D Sedan,4 Cyl - 2.5 L,FWD,eCVT,Gray,,"24,112","39,995"
175,2019 Toyota RAV4 XLE Premium,4D Sport Utility,4 Cyl - 2.5 L,FWD,8-Speed Automatic,White,,"20,011","39,995"
176,2019 Toyota Tacoma TRD Off-Road 4WD,4D Double Cab,6 Cyl - 3.5 L,4WD,6-Speed,Silver,Gray,"44,206","40,388"
177,2020 Toyota Avalon Limited,4D Sedan,6 Cyl - 3.5 L,FWD,8-Speed Automatic,Gray,Tan,"22,670","40,888"
178,2019 Toyota Tacoma SR5 RWD,4D Double Cab,6 Cyl - 3.5 L,RWD,6-Speed Automatic,Silver,,"31,017","40,995"
179,2022 Toyota Camry SE,4D Sedan,4 Cyl - 2.5 L,FWD,8-Speed Automatic,White,,"18,959","40,995"
180,2018 Toyota Sienna SE 8 Passenger,4D Passenger Van,6 Cyl - 3.5 L,FWD,8-Speed Automatic,Red,,"45,930","40,995"
181,2022 Toyota Camry SE,4D Sedan,4 Cyl - 2.5 L,FWD,8-Speed Automatic,Silver,,"16,741","41,995"
182,2022 Toyota Camry SE,4D Sedan,4 Cyl - 2.5 L,FWD,8-Speed Automatic,Silver,,"16,111","41,995"
183,2021 Toyota Camry Hybrid XSE,4D Sedan,4 Cyl - 2.5 L,FWD,eCVT,Silver,,"24,769","41,995"
184,2021 Toyota Camry Hybrid XSE,4D Sedan,4 Cyl - 2.5 L,FWD,eCVT,Black,,"24,185","42,995"
185,2019 Toyota Tacoma TRD Off-Road 4WD,4D Double Cab,6 Cyl - 3.5 L,4WD,6-Speed,White,,"48,016","43,488"
186,2022 Toyota Highlander LE,4D Sport Utility,6 Cyl - 3.5 L,FWD,8-Speed Automatic,White,,"4,583","43,888"
187,2018 Toyota Tacoma TRD Sport 4WD,4D Double Cab,6 Cyl - 3.5 L,4WD,6-Speed,Gray,Black,"29,451","43,888"
188,2020 Toyota RAV4 XLE Premium,4D Sport Utility,4 Cyl - 2.5 L,AWD,8-Speed Automatic,White,,"5,635","43,995"
189,2019 Toyota Tacoma TRD Sport RWD,4D Double Cab,6 Cyl - 3.5 L,RWD,6-Speed Automatic,Silver,Gray,"42,708","43,995"
190,2021 Toyota Tundra SR5 RWD,4D Double Cab,8 Cyl - 5.7 L,RWD,6-Speed Automatic Electronic with Overdrive,Black,Black,"27,997","43,995"
191,2021 Toyota Tacoma SR5 RWD,4D Double Cab,4 Cyl - 2.7 L,RWD,6-Speed Automatic,Gray,Gray,"17,662","44,995"
192,2020 Toyota Tacoma TRD Sport 4WD,4D Double Cab,6 Cyl - 3.5 L,4WD,6-Speed,Red,Gray,"12,037","45,088"
193,2019 Toyota Tacoma TRD Sport 4WD,4D Double Cab,6 Cyl - 3.5 L,4WD,6-Speed Automatic,Silver,Gray,"15,945","45,488"
194,2021 Toyota Tacoma TRD Off-Road w/ TRD Premium Off-Road Pkg 4WD,4D Access Cab,6 Cyl - 3.5 L,4WD,6-Speed Automatic,Silver,,"5,766","45,488"
195,2021 Toyota Tacoma TRD Off-Road 4WD,4D Double Cab,6 Cyl - 3.5 L,4WD,6-Speed,White,Gray,"36,003","45,588"
196,2021 Toyota Tacoma TRD Sport 4WD,4D Double Cab,6 Cyl - 3.5 L,4WD,6-Speed Automatic,Gray,,"12,548","45,888"
197,2020 Toyota Tacoma TRD Sport Double Cab 4WD,4D Double Cab,6 Cyl - 3.5 L,4WD,6-Speed,Black,,"37,959","45,988"
198,2022 Toyota Highlander LE,4D Sport Utility,6 Cyl - 3.5 L,FWD,8-Speed Automatic,Black,,"3,835","45,995"
199,2021 Toyota Tacoma TRD Off-Road 4WD,4D Double Cab,6 Cyl - 3.5 L,4WD,6-Speed,White,Gray,"4,780","46,388"
200,2020 Toyota Avalon TRD,4D Sedan,6 Cyl - 3.5 L,FWD,8-Speed Automatic,White,Black,"5,544","46,488"
201,2019 Toyota Tacoma TRD Sport Long Bed Double Cab RWD,4D Double Cab,6 Cyl - 3.5 L,RWD,6-Speed Automatic,Gray,,"9,076","46,995"
202,2021 Toyota Tundra SR5 RWD,4D CrewMax,8 Cyl - 5.7 L,RWD,6-Speed Automatic Electronic with Overdrive,Red,Black,"17,195","47,488"
203,2021 Toyota Highlander XLE,4D Sport Utility,6 Cyl - 3.5 L,AWD,8-Speed Automatic,White,Black,"37,400","47,995"
204,2021 Toyota Highlander XSE,4D Sport Utility,6 Cyl - 3.5 L,FWD,8-Speed Automatic,Silver,,"7,607","48,488"
205,2019 Toyota Tundra Limited 4WD 4WD,4D CrewMax,8 Cyl - 5.7 L,4WD,6-Speed Automatic Electronic,Silver,Black,"43,427","48,488"
206,2021 Toyota Tacoma TRD Sport RWD,4D Double Cab,6 Cyl - 3.5 L,RWD,6-Speed Automatic,Green,Cement,"8,008","48,488"
207,2021 Toyota Venza XLE,4D Sport Utility,4 Cyl - 2.5 L,AWD,Continuously Variable (ECVT),Black,Black,"4,284","48,588"
208,2022 Toyota Avalon Limited,4D Sedan,6 Cyl - 3.5 L,FWD,8-Speed Automatic,Silver,,"3,406","49,995"
209,2019 Toyota Tundra Limited RWD,4D CrewMax,8 Cyl - 5.7 L,RWD,6-Speed Automatic Electronic with Overdrive,Red,,"28,958","50,995"
210,2019 Toyota Highlander Hybrid Limited,4D Sport Utility,6 Cyl - 3.5 L,AWD,eCVT,Silver,,"8,034","50,995"
211,2021 Toyota Supra 2.0,2D Coupe,4 Cyl - 2 L,RWD,8-Speed Automatic,White,,"1,230","54,988"
212,2021 Toyota Tacoma TRD Sport 4WD,4D Double Cab,6 Cyl - 3.5 L,4WD,6-Speed,Green,,"15,986","56,995"
213,2021 Toyota Tundra Limited 4WD,4D CrewMax,8 Cyl - 5.7 L,4WD,6-Speed Automatic Electronic,Blue,,"28,352","60,995"
214,2022 Toyota Tundra SR5 4WD,4D Double Cab,6 Cyl - 3.5 L,4WD,10-Speed Automatic,White,Black,"7,201","60,995"
215,2021 Toyota Tundra 1794 4X4 Edition CrewMax 4WD,4D CrewMax,8 Cyl - 5.7 L,4WD,6-Speed Automatic Electronic,White,,"19,006","63,995"
